DROP DATABASE IF EXISTS `CORE_Database`;

CREATE DATABASE IF NOT EXISTS `CORE_Database`;

USE `CORE_Database`;

-- Step 1: Independent Tables
CREATE TABLE Location (
    LocationId INTEGER AUTO_INCREMENT NOT NULL PRIMARY KEY,
    State VARCHAR(2),
    City VARCHAR(25),
    CountryCode VARCHAR(5),
    Address VARCHAR(100)
);

CREATE TABLE College (
    CollegeID INTEGER AUTO_INCREMENT NOT NULL PRIMARY KEY,
    CollegeName VARCHAR(50)
);

CREATE TABLE Advisor (
    AdvisorId INTEGER AUTO_INCREMENT NOT NULL PRIMARY KEY,
    College VARCHAR(50),
    FirstName VARCHAR(25),
    LastName VARCHAR(25)
);

-- Step 2: Tables with Foreign Keys to Independent Tables
CREATE TABLE Company (
    CompanyID INTEGER AUTO_INCREMENT NOT NULL PRIMARY KEY,
    Name VARCHAR(25),
    Industry VARCHAR(20),
    CompanySize INT,
    LocationId INTEGER NOT NULL,
    CONSTRAINT CL1 FOREIGN KEY (LocationId)
        REFERENCES Location(LocationId)
        ON UPDATE cascade ON DELETE cascade
);

CREATE TABLE Majors (
    MajorID INTEGER AUTO_INCREMENT NOT NULL PRIMARY KEY,
    MajorName VARCHAR(50),
    Combined BOOL,
    CollegeID INT NOT NULL,
    CONSTRAINT PPS_Major FOREIGN KEY (CollegeID)
        REFERENCES College(CollegeID)
        ON UPDATE cascade ON DELETE restrict
);

-- Step 3: Tables with Foreign Keys to Tables in Step 2
CREATE TABLE Users (
    NUID INTEGER NOT NULL PRIMARY KEY UNIQUE,
    Username VARCHAR(100) UNIQUE,
    MajorID INT,
    GPA FLOAT,
    AdvisorId INT,
    AppCount INT,
    OfferCount INT,
    PreviousCount INT,
    CONSTRAINT UA FOREIGN KEY (AdvisorId)
        REFERENCES Advisor(AdvisorId)
        ON UPDATE cascade ON DELETE restrict,
    CONSTRAINT UM FOREIGN KEY (MajorID)
        REFERENCES Majors(MajorID)
        ON UPDATE cascade ON DELETE restrict
);

-- Step 4: Tables with Foreign Keys to Tables in Step 3

CREATE TABLE PositionTable (
    PositionID INTEGER AUTO_INCREMENT NOT NULL PRIMARY KEY,
    PositionName VARCHAR(40),
    Description VARCHAR(300),
    Skills VARCHAR(300),
    Environment VARCHAR(20),
    AdditionalQuestions BOOL,
    CoverLetter BOOL
);

CREATE TABLE JobPosting (
    PostingID INTEGER AUTO_INCREMENT NOT NULL PRIMARY KEY,
    CompanyID INTEGER,
    DatePosted DATETIME,
    Status BOOL,
    PositionID INT NOT NULL,
    CONSTRAINT PJP FOREIGN KEY (PositionID)
        REFERENCES PositionTable(PositionID)
        ON UPDATE cascade ON DELETE cascade,
    CONSTRAINT JPC FOREIGN KEY (CompanyID)
        REFERENCES Company(CompanyID)
        ON UPDATE cascade ON DELETE restrict
);

-- Step 5: Tables with Foreign Keys to Tables in Step 4
CREATE TABLE PositionReview (
    PosReviewID INTEGER AUTO_INCREMENT NOT NULL PRIMARY KEY,
    Description VARCHAR(500),
    Offer BOOL,
    ApplicationRating TINYINT(5),
    EnvironmentRating TINYINT(5),
    EducationRating TINYINT(5),
    EnjoymentRating TINYINT(5),
    Applied BOOL,
    AppliedDate DATETIME,
    ResponseDate DATETIME,
    PositionID INTEGER NOT NULL,
    CONSTRAINT fk_1 FOREIGN KEY (PositionID)
        REFERENCES PositionTable(PositionID)
        ON UPDATE CASCADE ON DELETE cascade
);


CREATE TABLE PositionReviewers (
    NUID INTEGER,
    PosReviewID INTEGER,
    PRIMARY KEY (NUID, PosReviewID),
    CONSTRAINT PRU FOREIGN KEY (NUID)
        REFERENCES Users(NUID)
        ON UPDATE cascade ON DELETE restrict,
    CONSTRAINT PRPR FOREIGN KEY (PosReviewID)
        REFERENCES PositionReview(PosReviewID)
        ON UPDATE cascade ON DELETE cascade
);


CREATE TABLE CompanyReview (
    ComReviewID INTEGER AUTO_INCREMENT NOT NULL PRIMARY KEY,
    CompanyId INT NOT NULL,
    Type VARCHAR(200),
    Description VARCHAR(500),
    EnvironmentRating TINYINT(5),
    CultureRating TINYINT(5),
    CONSTRAINT CRC FOREIGN KEY (CompanyId)
        REFERENCES Company(CompanyID)
        ON UPDATE cascade ON DELETE RESTRICT
);

CREATE TABLE CompanyReviewers (
    NUID INTEGER,
    ComReviewID INTEGER,
    PRIMARY KEY (NUID, ComReviewID),
    CONSTRAINT CRU FOREIGN KEY (NUID)
        REFERENCES Users(NUID)
        ON UPDATE cascade ON DELETE restrict,
    CONSTRAINT CRCR FOREIGN KEY (ComReviewID)
        REFERENCES CompanyReview(ComReviewID)
        ON UPDATE cascade ON DELETE cascade
);

CREATE TABLE PosStats (
    PositionID INTEGER,
    PosStatID INTEGER AUTO_INCREMENT NOT NULL PRIMARY KEY,
    YieldRate FLOAT,
    AvgAppAmount INT,
    AvgInterview INT,
    AvgGpa INT,
    AvgLearning INT,
    AvgEnvironment INT,
    AvgInterviewTime Time,
    CONSTRAINT PSPR FOREIGN KEY (PositionID)
        REFERENCES PositionTable(PositionID)
        ON UPDATE cascade ON DELETE restrict
);

CREATE TABLE PostStats (
    PostingID INTEGER,
    PostStatID INTEGER AUTO_INCREMENT NOT NULL PRIMARY KEY,
    AppAmount FLOAT,
    InterviewAmount INT,
    OfferAmnt INT,
    AcceptAmnt INT,
    CallBackNum INT,
    MeanResponseTime Time,
    CONSTRAINT POS FOREIGN KEY (PostingID)
        REFERENCES JobPosting(PostingID)
        ON UPDATE cascade ON DELETE restrict
);


-- Inserting fake data
INSERT INTO Location (State, City, CountryCode, Address) VALUES
('CA', 'Los Angeles', 'US', '1234 Sunset Blvd'),
('NY', 'New York', 'US', '5678 Broadway Ave'),
('TX', 'Houston', 'US', '9101 Main St'),
('FL', 'Miami', 'US', '4321 Ocean Dr'),
('IL', 'Chicago', 'US', '1111 Wacker Dr'),
('GA', 'Atlanta', 'US', '2222 Peach St'),
('NV', 'Las Vegas', 'US', '3333 Strip Ave'),
('WA', 'Seattle', 'US', '4444 Pine St'),
('CO', 'Denver', 'US', '5555 Mountain Rd'),
('MA', 'Boston', 'US', '6666 Freedom Ln'),
('AZ', 'Phoenix', 'US', '7777 Desert Dr'),
('PA', 'Philadelphia', 'US', '8888 Liberty St'),
('OH', 'Columbus', 'US', '9999 Ohio Ave'),
('NC', 'Charlotte', 'US', '1234 Queen St'),
('VA', 'Richmond', 'US', '5678 Monument Ave'),
('OR', 'Portland', 'US', '9101 Rose St'),
('TN', 'Nashville', 'US', '4321 Music Blvd'),
('MO', 'Kansas City', 'US', '1111 Plaza Dr'),
('UT', 'Salt Lake City', 'US', '2222 Temple St'),
('NM', 'Santa Fe', 'US', '3333 Art Blvd'),
('MI', 'Detroit', 'US', '4444 Motor Ave'),
('MD', 'Baltimore', 'US', '5555 Harbor St'),
('WI', 'Milwaukee', 'US', '6666 Brew St'),
('MN', 'Minneapolis', 'US', '7777 Skyway Ave'),
('IN', 'Indianapolis', 'US', '8888 Monument Cir'),
('KY', 'Louisville', 'US', '9999 Derby Rd'),
('OK', 'Oklahoma City', 'US', '1234 Bricktown Blvd'),
('AL', 'Birmingham', 'US', '5678 Vulcan Rd'),
('SC', 'Charleston', 'US', '9101 King St'),
('LA', 'New Orleans', 'US', '4321 Bourbon St'),
('KS', 'Wichita', 'US', '1111 Wheat Rd'),
('IA', 'Des Moines', 'US', '2222 Capitol Dr'),
('AR', 'Little Rock', 'US', '3333 River Market Blvd'),
('NV', 'Reno', 'US', '4444 Casino Rd'),
('MT', 'Billings', 'US', '5555 Big Sky Blvd'),
('SD', 'Sioux Falls', 'US', '6666 Falls Dr'),
('ND', 'Fargo', 'US', '7777 Prairie Ave'),
('ID', 'Boise', 'US', '8888 Capitol Blvd'),
('NE', 'Omaha', 'US', '9999 Cornhusker Rd'),
('WY', 'Cheyenne', 'US', '1234 Frontier St');


INSERT INTO College (CollegeName) VALUES
('Khoury College of Computer Sciences'),
('Bouvé College of Health Sciences'),
('College of Engineering'),
('College of Science'),
('College of Social Sciences and Humanities'),
('DAmore-McKim School of Business'),
('College of Arts, Media and Design'),
('School of Law'),
('College of Professional Studies'),
('Mills College at Northeastern University');


INSERT INTO Majors (MajorName, Combined, CollegeID) VALUES
-- Khoury College of Computer Sciences
('Computer Science', FALSE, 1),
('Cybersecurity', FALSE, 1),
('Data Science', FALSE, 1),
('Information Science', FALSE, 1),
('Computer Science and Business Administration', TRUE, 1),
('Computer Science and Design', TRUE, 1),
('Computer Science and Journalism', TRUE, 1),
('Computer Science and Linguistics', TRUE, 1),
('Computer Science and Music Technology', TRUE, 1),
('Computer Science and Philosophy', TRUE, 1),
('Computer Science and Political Science', TRUE, 1),
('Computer Science and Psychology', TRUE, 1),
('Computer Science and Theatre', TRUE, 1),

-- Bouvé College of Health Sciences
('Health Science', FALSE, 2),
('Nursing', FALSE, 2),
('Pharmacy', FALSE, 2),
('Physical Therapy', FALSE, 2),
('Speech-Language Pathology and Audiology', FALSE, 2),
('Public Health', FALSE, 2),
('Behavioral Neuroscience', FALSE, 2),
('Health Science and Business Administration', TRUE, 2),
('Health Science and Psychology', TRUE, 2),

-- College of Engineering
('Bioengineering', FALSE, 3),
('Chemical Engineering', FALSE, 3),
('Civil Engineering', FALSE, 3),
('Computer Engineering', FALSE, 3),
('Electrical Engineering', FALSE, 3),
('Environmental Engineering', FALSE, 3),
('Industrial Engineering', FALSE, 3),
('Mechanical Engineering', FALSE, 3),
('Civil Engineering and Architectural Studies', TRUE, 3),
('Computer Engineering and Computer Science', TRUE, 3),
('Electrical Engineering and Physics', TRUE, 3),
('Mechanical Engineering and Design', TRUE, 3),

-- College of Science
('Biochemistry', FALSE, 4),
('Biology', FALSE, 4),
('Chemistry', FALSE, 4),
('Environmental Science', FALSE, 4),
('Marine Biology', FALSE, 4),
('Mathematics', FALSE, 4),
('Physics', FALSE, 4),
('Psychology', FALSE, 4),
('Data Science and Business Administration', TRUE, 4),
('Environmental Science and Health Science', TRUE, 4),
('Mathematics and Economics', TRUE, 4),
('Physics and Computer Science', TRUE, 4),

-- College of Social Sciences and Humanities
('Economics', FALSE, 5),
('English', FALSE, 5),
('History', FALSE, 5),
('International Affairs', FALSE, 5),
('Philosophy', FALSE, 5),
('Political Science', FALSE, 5),
('Sociology', FALSE, 5),
('Communication Studies', FALSE, 5),
('Economics and Political Science', TRUE, 5),
('International Affairs and Cultural Anthropology', TRUE, 5),
('Political Science and Business Administration', TRUE, 5),
('Sociology and Environmental Studies', TRUE, 5),

-- D'Amore-McKim School of Business
('Business Administration', FALSE, 6),
('International Business', FALSE, 6),
('Accounting', FALSE, 6),
('Finance', FALSE, 6),
('Marketing', FALSE, 6),
('Management', FALSE, 6),
('Supply Chain Management', FALSE, 6),
('Entrepreneurship', FALSE, 6),
('Business Administration and Communication Studies', TRUE, 6),
('Business Administration and Design', TRUE, 6),
('Business Administration and Economics', TRUE, 6),
('Business Administration and Political Science', TRUE, 6),

-- College of Arts, Media and Design
('Architecture', FALSE, 7),
('Art', FALSE, 7),
('Design', FALSE, 7),
('Game Design', FALSE, 7),
('Journalism', FALSE, 7),
('Media and Screen Studies', FALSE, 7),
('Music', FALSE, 7),
('Theatre', FALSE, 7),
('Design and Media Arts', TRUE, 7),
('Game Design and Computer Science', TRUE, 7),
('Journalism and Political Science', TRUE, 7),
('Media and Screen Studies and Sociology', TRUE, 7),

-- School of Law
('Law', FALSE, 8),

-- College of Professional Studies
('Liberal Studies', FALSE, 9),
('Project Management', FALSE, 9),
('Information Technology', FALSE, 9),
('Healthcare Administration', FALSE, 9),
('Leadership', FALSE, 9),

-- Mills College at Northeastern University
('Public Policy', FALSE, 10),
('Global Studies', FALSE, 10),
('Ethnic Studies', FALSE, 10),
('Economics', FALSE, 10);


INSERT INTO Advisor (College, FirstName, LastName) VALUES
('Khoury College of Computer Sciences', 'Alice', 'Smith'),
('Khoury College of Computer Sciences', 'John', 'Johnson'),
('Khoury College of Computer Sciences', 'Emily', 'Davis'),
('Bouvé College of Health Sciences', 'Michael', 'Brown'),
('Bouvé College of Health Sciences', 'Sarah', 'Wilson'),
('Bouvé College of Health Sciences', 'Jessica', 'Moore'),
('College of Engineering', 'David', 'Taylor'),
('College of Engineering', 'James', 'Anderson'),
('College of Engineering', 'Robert', 'Thomas'),
('College of Science', 'William', 'Jackson'),
('College of Science', 'Elizabeth', 'White'),
('College of Science', 'Christopher', 'Harris'),
('College of Social Sciences and Humanities', 'Thomas', 'Martin'),
('College of Social Sciences and Humanities', 'Patricia', 'Garcia'),
('College of Social Sciences and Humanities', 'George', 'Martinez'),
('Amore-McKim School of Business', 'Charles', 'Thompson'),
('Amore-McKim School of Business', 'Nancy', 'Martinez'),
('Amore-McKim School of Business', 'Joseph', 'Robinson'),
('College of Arts, Media and Design', 'Daniel', 'Clark'),
('College of Arts, Media and Design', 'Linda', 'Rodriguez'),
('College of Arts, Media and Design', 'Jennifer', 'Lewis'),
('School of Law', 'Susan', 'Walker'),
('School of Law', 'Mark', 'Hall'),
('School of Law', 'Anthony', 'Allen'),
('College of Professional Studies', 'Stephen', 'Young'),
('College of Professional Studies', 'Karen', 'Hernandez'),
('College of Professional Studies', 'Kevin', 'King'),
('Mills College at Northeastern University', 'Brian', 'Wright'),
('Mills College at Northeastern University', 'Laura', 'Lopez'),
('Mills College at Northeastern University', 'Kimberly', 'Hill'),
('Khoury College of Computer Sciences', 'Paul', 'Scott'),
('Bouvé College of Health Sciences', 'Rebecca', 'Green'),
('College of Engineering', 'Matthew', 'Adams'),
('College of Science', 'Sandra', 'Baker'),
('College of Social Sciences and Humanities', 'Jason', 'Gonzalez'),
('Amore-McKim School of Business', 'Amy', 'Nelson'),
('College of Arts, Media and Design', 'Deborah', 'Carter'),
('School of Law', 'Eric', 'Mitchell'),
('College of Professional Studies', 'Gregory', 'Perez'),
('Mills College at Northeastern University', 'Carol', 'Roberts');

INSERT INTO Users (NUID, Username, MajorID, GPA, AdvisorId, AppCount, OfferCount, PreviousCount) VALUES
(100001, 'jdoe', 1, 3.5, 1, 5, 1, 0),
(100002, 'asmith', 5, 3.2, 2, 7, 0, 1),
(100003, 'mjones', 10, 3.8, 3, 3, 1, 0),
(100004, 'rbrown', 12, 3.6, 4, 4, 2, 1),
(100005, 'kwhite', 15, 3.4, 5, 6, 1, 0),
(100006, 'djohnson', 18, 3.9, 6, 2, 0, 1),
(100007, 'cperez', 20, 2.8, 7, 5, 0, 0),
(100008, 'agarcia', 25, 3.7, 8, 8, 1, 2),
(100009, 'swilson', 30, 3.3, 9, 4, 0, 1),
(100010, 'dmartin', 35, 3.1, 10, 3, 0, 0),
(100011, 'fhernandez', 40, 3.5, 11, 7, 2, 3),
(100012, 'jgonzalez', 45, 3.9, 12, 1, 1, 0),
(100013, 'hmiller', 50, 3.6, 13, 4, 1, 1),
(100014, 'rwright', 8, 3.3, 14, 6, 0, 0),
(100015, 'tscott', 16, 3.7, 15, 5, 2, 2),
(100016, 'mlewis', 22, 3.4, 16, 3, 0, 0),
(100017, 'charris', 28, 2.9, 17, 8, 1, 1),
(100018, 'bclark', 32, 3.5, 18, 7, 2, 0),
(100019, 'glopez', 37, 3.8, 19, 2, 1, 0),
(100020, 'srobinson', 43, 3.2, 20, 4, 0, 1),
(100021, 'rking', 3, 3.6, 21, 6, 2, 2),
(100022, 'rhall', 9, 3.9, 22, 1, 1, 0),
(100023, 'dgreen', 14, 3.1, 23, 5, 0, 0),
(100024, 'jsmith', 17, 3.4, 24, 3, 1, 1),
(100025, 'wthompson', 21, 2.7, 25, 8, 0, 2),
(100026, 'ycarter', 26, 3.7, 26, 4, 1, 0),
(100027, 'fbrooks', 31, 3.2, 27, 2, 0, 1),
(100028, 'smorgan', 36, 3.6, 28, 6, 2, 3),
(100029, 'pramirez', 41, 3.9, 29, 1, 0, 0),
(100030, 'brogers', 47, 3.0, 30, 5, 1, 1),
(100031, 'jbutler', 2, 3.3, 31, 4, 0, 1),
(100032, 'fmorales', 7, 3.8, 32, 3, 1, 0),
(100033, 'smurphy', 13, 2.8, 33, 7, 0, 2),
(100034, 'jcooper', 19, 3.5, 34, 5, 2, 1),
(100035, 'kmartinez', 23, 3.1, 35, 8, 1, 0),
(100036, 'abell', 29, 3.4, 36, 6, 0, 1),
(100037, 'gjames', 33, 3.9, 37, 2, 1, 0),
(100038, 'dmartinez', 39, 3.2, 38, 4, 0, 1),
(100039, 'rjones', 46, 3.7, 39, 7, 2, 3),
(100040, 'wwashington', 49, 3.6, 40, 1, 0, 0);


INSERT INTO Location (State, City, CountryCode, Address) VALUES
('MA', 'Boston', 'US', '123 Main St'),
('NY', 'New York', 'US', '456 Broadway Ave'),
('PA', 'Philadelphia', 'US', '789 Liberty Rd'),
('NJ', 'Newark', 'US', '101 River Rd'),
('CT', 'Hartford', 'US', '202 Elm St'),
('MA', 'Cambridge', 'US', '303 Harvard St'),
('NY', 'Buffalo', 'US', '404 Niagara St'),
('RI', 'Providence', 'US', '505 Benefit St'),
('VT', 'Burlington', 'US', '606 Lake Rd'),
('NH', 'Manchester', 'US', '707 Elm St'),
('MA', 'Worcester', 'US', '808 Highland St'),
('ME', 'Portland', 'US', '909 Ocean Ave'),
('NY', 'Albany', 'US', '1010 State St'),
('PA', 'Pittsburgh', 'US', '1111 Liberty Ave'),
('NJ', 'Jersey City', 'US', '1212 Grove St'),
('CT', 'New Haven', 'US', '1313 Chapel St'),
('MA', 'Springfield', 'US', '1414 Main St'),
('NY', 'Rochester', 'US', '1515 Park Ave'),
('RI', 'Newport', 'US', '1616 Thames St'),
('VT', 'Montpelier', 'US', '1717 State St'),
('NH', 'Nashua', 'US', '1818 Main St'),
('MA', 'Lowell', 'US', '1919 Central St'),
('ME', 'Bangor', 'US', '2020 Pine St'),
('NY', 'Syracuse', 'US', '2121 University Ave'),
('PA', 'Allentown', 'US', '2222 Hamilton St'),
('NJ', 'Trenton', 'US', '2323 Market St'),
('CT', 'Stamford', 'US', '2424 Atlantic St'),
('MA', 'Quincy', 'US', '2525 Hancock St'),
('NY', 'Yonkers', 'US', '2626 McLean Ave'),
('RI', 'Warwick', 'US', '2727 Post Rd'),
('VT', 'Rutland', 'US', '2828 Main St'),
('NH', 'Concord', 'US', '2929 Capitol St'),
('MA', 'Lynn', 'US', '3030 Boston St'),
('ME', 'Augusta', 'US', '3131 State St'),
('NY', 'Utica', 'US', '3232 Genesee St'),
('PA', 'Erie', 'US', '3333 Peach St'),
('NJ', 'Atlantic City', 'US', '3434 Boardwalk'),
('CT', 'Bridgeport', 'US', '3535 Main St'),
('MA', 'Newton', 'US', '3636 Walnut St'),
('NY', 'Binghamton', 'US', '3737 Vestal Rd');


INSERT INTO Company (Name, Industry, CompanySize, LocationId) VALUES
('TechCorp', 'Technology', 500, 1),
('HealthPlus', 'Healthcare', 200, 2),
('FinGroup', 'Finance', 150, 3),
('EduWorld', 'Education', 300, 4),
('GreenWorks', 'Environment', 100, 5),
('MediCare', 'Healthcare', 250, 6),
('BuildIt', 'Construction', 400, 7),
('AutoDrive', 'Automotive', 600, 8),
('Foodies', 'Food', 350, 9),
('TravelCo', 'Travel', 100, 10),
('InnoTech', 'Technology', 700, 11),
('LegalEase', 'Legal', 50, 12),
('RetailHub', 'Retail', 800, 13),
('AgriCorp', 'Agriculture', 120, 14),
('EcoPower', 'Energy', 220, 15),
('SoftSolutions', 'Software', 500, 16),
('DataLink', 'Telecom', 450, 17),
('DesignPro', 'Design', 70, 18),
('BuildSmart', 'Construction', 300, 19),
('HealthFirst', 'Healthcare', 90, 20),
('BrightEdu', 'Education', 400, 21),
('UrbanDev', 'Real Estate', 550, 22),
('FoodMart', 'Food', 200, 23),
('TechSolutions', 'Technology', 300, 24),
('AutoNation', 'Automotive', 600, 25),
('TravelMax', 'Travel', 150, 26),
('SafeBank', 'Finance', 1000, 27),
('GreenFuture', 'Environment', 80, 28),
('MediHealth', 'Healthcare', 120, 29),
('EduBright', 'Education', 230, 30),
('RetailWorks', 'Retail', 700, 31),
('FarmFresh', 'Agriculture', 110, 32),
('PowerGrid', 'Energy', 300, 33),
('SoftEdge', 'Software', 450, 34),
('NetCom', 'Telecom', 500, 35),
('DesignWorks', 'Design', 90, 36),
('BuildMax', 'Construction', 400, 37),
('UrbanSpace', 'Real Estate', 600, 38),
('FoodiesDelight', 'Food', 250, 39),
('EcoSafe', 'Environment', 150, 40);


INSERT INTO CompanyReview (CompanyId, Type, Description, EnvironmentRating, CultureRating) VALUES
(1, 'Worked at Company', 'Great place to work with supportive management.', 5, 5),
(2, 'Interned at Company', 'Good learning experience, but work-life balance could be better.', 4, 3),
(3, 'Worked at Company', 'Fast-paced environment with good growth opportunities.', 4, 4),
(4, 'Applied to Company', 'Great culture and very employee-friendly policies.', 5, 5),
(5, 'Worked at Company', 'Sustainable practices but lacks advancement opportunities.', 3, 3),
(6, 'Interned at Company', 'Great mentorship and opportunities for hands-on learning.', 5, 4),
(7, 'Worked at Company', 'Challenging work but rewarding projects.', 4, 4),
(8, 'Worked at Company', 'Very good benefits, but high work pressure.', 3, 3),
(9, 'Applied to Company', 'Team-oriented environment with a focus on innovation.', 5, 5),
(10, 'Worked at Company', 'Flexible working hours, supportive colleagues.', 4, 4),
(11, 'Interned at Company', 'Amazing experience in a tech-driven company.', 5, 5),
(12, 'Applied to Company', 'Diverse and inclusive workplace.', 4, 5),
(13, 'Applied to Company', 'Great leadership, clear goals, but heavy workload.', 3, 4),
(14, 'Worked at Company', 'Good exposure to agricultural technology.', 4, 3),
(15, 'Worked at Company', 'Focuses on green energy, collaborative culture.', 5, 5),
(16, 'Worked at Company', 'Supportive peers, balanced work environment.', 4, 4),
(17, 'Worked at Company', 'Good training, average work-life balance.', 3, 3),
(18, 'Worked at Company', 'Creative environment but requires long hours.', 3, 4),
(19, 'Applied to Company', 'Structured growth and positive culture.', 4, 5),
(20, 'Worked at Company', 'Health-focused environment, flexible work hours.', 5, 4),
(21, 'Worked at Company', 'Great for educators, strong community.', 5, 5),
(22, 'Interned at Company', 'Real estate knowledge gained, limited career growth.', 3, 3),
(23, 'Worked at Company', 'Good benefits, decent work culture.', 4, 4),
(24, 'Worked at Company', 'Innovative tech projects, friendly teams.', 5, 5),
(25, 'Worked at Company', 'Automotive industry is challenging but rewarding.', 4, 4),
(26, 'Interned at Company', 'Travel opportunities but minimal work-life balance.', 3, 3),
(27, 'Applied to Company', 'Strong financial growth, average culture.', 3, 4),
(28, 'Worked at Company', 'Environmental projects are fulfilling.', 5, 4),
(29, 'Worked at Company', 'Supportive colleagues, but slow-paced environment.', 3, 3),
(30, 'Applied to Company', 'Great environment for educational innovation.', 5, 5),
(31, 'Worked at Company', 'Retail experience, diverse culture.', 4, 4),
(32, 'Worked at Company', 'Focused on agriculture and sustainability.', 4, 5),
(33, 'Worked at Company', 'Energy industry challenges but good teamwork.', 4, 4),
(34, 'Worked at Company', 'Software projects with good tech stack.', 5, 5),
(35, 'Worked at Company', 'Telecom industry focus, supportive management.', 4, 4),
(36, 'Worked at Company', 'Creative environment with design freedom.', 5, 5),
(37, 'Applied to Company', 'Construction projects are well managed.', 4, 5),
(38, 'Worked at Company', 'Supportive culture, positive work environment.', 5, 4),
(39, 'Worked at Company', 'Food industry is challenging but rewarding.', 4, 4),
(40, 'Worked at Company', 'Environmental focus, great work culture.', 5, 5);

INSERT INTO CompanyReviewers (NUID, ComReviewID) VALUES
(100001, 1),
(100002, 2),
(100003, 3),
(100004, 4),
(100005, 5),
(100006, 6),
(100007, 7),
(100008, 8),
(100009, 9),
(100010, 10),
(100011, 11),
(100012, 12),
(100013, 13),
(100014, 14),
(100015, 15),
(100016, 16),
(100017, 17),
(100018, 18),
(100019, 19),
(100020, 20),
(100021, 21),
(100022, 22),
(100023, 23),
(100024, 24),
(100025, 25),
(100026, 26),
(100027, 27),
(100028, 28),
(100029, 29),
(100030, 30),
(100031, 31),
(100032, 32),
(100033, 33),
(100034, 34),
(100035, 35),
(100036, 36),
(100037, 37),
(100038, 38),
(100039, 39),
(100040, 40),
(100001, 5),
(100002, 10),
(100003, 15),
(100004, 20),
(100005, 25),
(100006, 30),
(100007, 35),
(100008, 40),
(100009, 1),
(100010, 6),
(100012, 16),
(100013, 21),
(100014, 26),
(100015, 31),
(100016, 36),
(100017, 2),
(100018, 7),
(100019, 12),
(100020, 17),
(100021, 22),
(100022, 27),
(100023, 32),
(100024, 37),
(100025, 3),
(100026, 8),
(100027, 13),
(100028, 18),
(100029, 23),
(100030, 28),
(100031, 33),
(100032, 38),
(100033, 4),
(100034, 9),
(100035, 14),
(100036, 19),
(100037, 24),
(100038, 29),
(100039, 34),
(100040, 39),
(100001, 11),
(100002, 16),
(100003, 21),
(100004, 26),
(100005, 31),
(100006, 36),
(100007, 5),
(100008, 10),
(100009, 15),
(100010, 20),
(100011, 25),
(100012, 30),
(100013, 35),
(100014, 40),
(100015, 1),
(100016, 6),
(100017, 11),
(100018, 16),
(100019, 21),
(100020, 26),
(100021, 5),
(100022, 10),
(100023, 15),
(100024, 20),
(100026, 30),
(100027, 35),
(100028, 40),
(100029, 1),
(100030, 6);


INSERT INTO PositionTable (PositionName, Description, Skills, Environment, AdditionalQuestions, CoverLetter) VALUES
('Software Engineer', 'Develop and maintain software applications.', 'Java, Python, SQL', 'Office', TRUE, TRUE),
('Data Analyst', 'Analyze data to provide business insights.', 'SQL, Excel, Data Visualization', 'Remote', FALSE, TRUE),
('Project Manager', 'Manage software development projects.', 'Agile, Scrum, Leadership', 'Hybrid', TRUE, TRUE),
('UX Designer', 'Design user-friendly interfaces.', 'Figma, Adobe XD, User Research', 'Office', FALSE, FALSE),
('DevOps Engineer', 'Manage CI/CD pipelines and infrastructure.', 'AWS, Jenkins, Docker', 'Remote', TRUE, FALSE),
('Marketing Coordinator', 'Coordinate marketing campaigns.', 'SEO, Content Creation, Social Media', 'Office', FALSE, TRUE),
('Sales Associate', 'Drive sales and build client relationships.', 'Communication, CRM, Negotiation', 'Office', FALSE, FALSE),
('Customer Support Specialist', 'Assist customers with inquiries.', 'Communication, Troubleshooting, Patience', 'Remote', TRUE, FALSE),
('HR Specialist', 'Manage recruitment and employee relations.', 'Recruitment, Conflict Resolution, HR Policies', 'Hybrid', FALSE, TRUE),
('Network Administrator', 'Maintain and troubleshoot network systems.', 'Networking, Security, Troubleshooting', 'Office', TRUE, FALSE),
('Content Writer', 'Create engaging content for various platforms.', 'Writing, SEO, Creativity', 'Remote', FALSE, TRUE),
('Data Scientist', 'Build data models and perform predictive analysis.', 'Python, R, Machine Learning', 'Office', TRUE, TRUE),
('Product Manager', 'Oversee product lifecycle and development.', 'Product Management, Market Research, Agile', 'Hybrid', TRUE, TRUE),
('Graphic Designer', 'Create visual concepts and designs.', 'Adobe Creative Suite, Creativity, Typography', 'Remote', FALSE, FALSE),
('IT Support Technician', 'Provide technical support to end users.', 'Troubleshooting, Windows, Customer Service', 'Office', TRUE, FALSE),
('Quality Assurance Tester', 'Test software to ensure quality.', 'Testing, Automation, Attention to Detail', 'Remote', FALSE, TRUE),
('Business Analyst', 'Analyze business requirements and recommend solutions.', 'Business Analysis, SQL, Communication', 'Hybrid', TRUE, TRUE),
('Cybersecurity Analyst', 'Monitor and secure network systems.', 'Security, Firewalls, Risk Analysis', 'Office', TRUE, FALSE),
('Operations Manager', 'Oversee daily business operations.', 'Leadership, Operations Management, Strategic Planning', 'Office', TRUE, TRUE),
('Mechanical Engineer', 'Design and analyze mechanical systems.', 'CAD, SolidWorks, Engineering Analysis', 'Office', FALSE, TRUE),
('Electrical Engineer', 'Design electrical systems and components.', 'Circuit Design, MATLAB, Problem Solving', 'Hybrid', TRUE, TRUE),
('Digital Marketing Specialist', 'Plan and execute digital marketing strategies.', 'SEO, PPC, Content Marketing', 'Remote', FALSE, TRUE),
('Recruitment Specialist', 'Handle end-to-end recruitment process.', 'Recruitment, Sourcing, Interviews', 'Hybrid', TRUE, FALSE),
('Event Planner', 'Organize and manage events.', 'Planning, Coordination, Vendor Management', 'Office', FALSE, TRUE),
('Research Scientist', 'Conduct experiments and analyze results.', 'Research, Lab Skills, Data Analysis', 'Office', TRUE, TRUE),
('Financial Analyst', 'Analyze financial data and provide insights.', 'Excel, Financial Modeling, Analysis', 'Office', FALSE, TRUE),
('Mobile App Developer', 'Develop mobile applications.', 'Swift, Kotlin, UI/UX Design', 'Remote', TRUE, TRUE),
('Legal Assistant', 'Assist attorneys with legal research and documentation.', 'Legal Research, Drafting, Organization', 'Hybrid', FALSE, TRUE),
('Administrative Assistant', 'Provide administrative support to office staff.', 'Organization, Microsoft Office, Communication', 'Office', TRUE, FALSE),
('Social Media Manager', 'Manage social media accounts and campaigns.', 'Social Media, Content Creation, Strategy', 'Remote', FALSE, TRUE),
('Environmental Engineer', 'Work on environmental improvement projects.', 'Environmental Engineering, Sustainability, CAD', 'Hybrid', TRUE, TRUE),
('Product Designer', 'Design and prototype product features.', 'Sketch, Prototyping, User Testing', 'Office', FALSE, TRUE),
('Software Tester', 'Perform testing on software applications.', 'Manual Testing, Automation Tools, Detail-Oriented', 'Remote', TRUE, FALSE),
('Systems Analyst', 'Analyze and improve IT systems.', 'Systems Analysis, SQL, Problem Solving', 'Office', TRUE, TRUE),
('Logistics Coordinator', 'Coordinate logistics and supply chain activities.', 'Logistics, Supply Chain, Coordination', 'Office', FALSE, FALSE),
('Customer Success Manager', 'Ensure customer satisfaction and engagement.', 'Customer Service, Relationship Management, CRM', 'Hybrid', TRUE, TRUE),
('Cloud Architect', 'Design cloud infrastructure and solutions.', 'AWS, Azure, Cloud Security', 'Remote', TRUE, TRUE),
('Technical Writer', 'Document technical processes and guides.', 'Technical Writing, Research, Documentation', 'Remote', FALSE, FALSE),
('Database Administrator', 'Manage and optimize database systems.', 'SQL, Database Management, Problem Solving', 'Office', TRUE, TRUE),
('HR Generalist', 'Handle HR tasks such as onboarding and compliance.', 'HR Policies, Onboarding, Employee Relations', 'Hybrid', FALSE, TRUE),
('Software Architect', 'Design software systems and provide technical direction.', 'Software Design, Architecture, Leadership', 'Remote', TRUE, TRUE);


INSERT INTO JobPosting (CompanyID, DatePosted, Status, PositionID) VALUES
(1, '2024-01-15 09:00:00', TRUE, 1),
(2, '2024-02-10 10:30:00', FALSE, 2),
(3, '2024-03-05 11:45:00', TRUE, 3),
(4, '2024-03-15 14:00:00', TRUE, 4),
(5, '2024-04-01 08:15:00', TRUE, 5),
(6, '2024-04-10 09:30:00', FALSE, 6),
(7, '2024-04-20 10:45:00', TRUE, 7),
(8, '2024-05-01 12:00:00', TRUE, 8),
(9, '2024-05-10 13:15:00', TRUE, 9),
(10, '2024-05-20 14:30:00', FALSE, 10),
(11, '2024-06-01 15:45:00', TRUE, 11),
(12, '2024-06-10 16:00:00', TRUE, 12),
(13, '2024-06-20 17:15:00', TRUE, 13),
(14, '2024-07-01 08:00:00', FALSE, 14),
(15, '2024-07-10 09:30:00', TRUE, 15),
(16, '2024-07-20 10:45:00', TRUE, 16),
(17, '2024-08-01 11:00:00', TRUE, 17),
(18, '2024-08-10 12:15:00', FALSE, 18),
(19, '2024-08-20 13:30:00', TRUE, 19),
(20, '2024-09-01 14:45:00', TRUE, 20),
(21, '2024-09-10 15:00:00', TRUE, 21),
(22, '2024-09-20 16:15:00', TRUE, 22),
(23, '2024-10-01 17:30:00', FALSE, 23),
(24, '2024-10-10 08:45:00', TRUE, 24),
(25, '2024-10-20 09:00:00', TRUE, 25),
(26, '2024-11-01 10:15:00', TRUE, 26),
(27, '2024-11-10 11:30:00', TRUE, 27),
(28, '2024-11-20 12:45:00', FALSE, 28),
(29, '2024-12-01 13:00:00', TRUE, 29),
(30, '2024-12-10 14:15:00', TRUE, 30),
(31, '2024-12-20 15:30:00', TRUE, 31),
(32, '2024-12-25 16:45:00', FALSE, 32),
(33, '2024-12-30 08:00:00', TRUE, 33),
(34, '2024-01-05 09:15:00', TRUE, 34),
(35, '2024-01-15 10:30:00', TRUE, 35),
(36, '2024-01-25 11:45:00', FALSE, 36),
(37, '2024-02-05 13:00:00', TRUE, 37),
(38, '2024-02-15 14:15:00', TRUE, 38),
(39, '2024-02-25 15:30:00', TRUE, 39),
(40, '2024-03-05 16:45:00', TRUE, 40);


INSERT INTO PosStats (PositionID, YieldRate, AvgAppAmount, AvgInterview, AvgGpa, AvgLearning, AvgEnvironment, AvgInterviewTime) VALUES
(1, 0.75, 150, 25, 3, 4, 5, '01:00:00'),
(2, 0.60, 100, 20, 3, 3, 4, '01:15:00'),
(3, 0.70, 120, 30, 3, 4, 4, '01:30:00'),
(4, 0.80, 130, 35, 3, 4, 5, '01:45:00'),
(5, 0.65, 90, 18, 3, 4, 4, '01:00:00'),
(6, 0.55, 110, 15, 2, 3, 3, '00:45:00'),
(7, 0.72, 140, 20, 3, 4, 5, '01:30:00'),
(8, 0.78, 130, 25, 3, 4, 4, '01:15:00'),
(9, 0.68, 120, 22, 3, 4, 4, '01:00:00'),
(10, 0.70, 100, 18, 2, 3, 3, '01:00:00'),
(11, 0.75, 160, 30, 3, 5, 4, '01:30:00'),
(12, 0.85, 170, 35, 4, 5, 5, '02:00:00'),
(13, 0.60, 150, 28, 3, 4, 4, '01:45:00'),
(14, 0.67, 140, 25, 3, 4, 4, '01:30:00'),
(15, 0.72, 110, 20, 3, 3, 4, '01:15:00'),
(16, 0.58, 90, 15, 2, 3, 3, '00:45:00'),
(17, 0.65, 100, 18, 3, 4, 5, '01:00:00'),
(18, 0.68, 120, 22, 3, 4, 4, '01:15:00'),
(19, 0.70, 130, 25, 3, 4, 4, '01:30:00'),
(20, 0.75, 140, 30, 3, 5, 4, '01:45:00'),
(21, 0.80, 150, 32, 4, 5, 5, '02:00:00'),
(22, 0.62, 120, 20, 3, 4, 4, '01:15:00'),
(23, 0.67, 130, 22, 3, 4, 4, '01:30:00'),
(24, 0.73, 140, 25, 3, 4, 5, '01:45:00'),
(25, 0.65, 110, 18, 2, 3, 3, '01:00:00'),
(26, 0.68, 120, 20, 3, 4, 4, '01:15:00'),
(27, 0.72, 150, 30, 3, 4, 4, '01:30:00'),
(28, 0.75, 160, 35, 4, 5, 5, '02:00:00'),
(29, 0.58, 90, 15, 2, 3, 3, '00:45:00'),
(30, 0.60, 100, 18, 3, 4, 4, '01:00:00'),
(31, 0.78, 130, 25, 3, 4, 5, '01:15:00'),
(32, 0.65, 140, 30, 3, 4, 4, '01:30:00'),
(33, 0.72, 110, 20, 2, 3, 3, '01:00:00'),
(34, 0.80, 150, 32, 4, 5, 5, '02:00:00'),
(35, 0.68, 120, 22, 3, 4, 4, '01:15:00'),
(36, 0.75, 140, 30, 3, 5, 4, '01:45:00'),
(37, 0.62, 100, 18, 3, 4, 4, '01:00:00'),
(38, 0.70, 130, 25, 3, 4, 4, '01:30:00'),
(39, 0.68, 120, 22, 3, 4, 4, '01:15:00'),
(40, 0.75, 160, 35, 4, 5, 5, '02:00:00');


INSERT INTO PostStats (PostingID, AppAmount, InterviewAmount, OfferAmnt, AcceptAmnt, CallBackNum, MeanResponseTime) VALUES
(1, 120.5, 25, 10, 5, 3, '01:15:00'),
(2, 100.0, 20, 8, 4, 2, '01:30:00'),
(3, 130.2, 30, 12, 6, 5, '01:00:00'),
(4, 110.8, 18, 7, 3, 4, '01:45:00'),
(5, 90.4, 15, 5, 2, 1, '00:45:00'),
(6, 140.6, 25, 10, 5, 3, '01:30:00'),
(7, 150.3, 35, 15, 8, 6, '02:00:00'),
(8, 80.9, 10, 4, 2, 1, '00:30:00'),
(9, 125.0, 28, 11, 6, 4, '01:15:00'),
(10, 95.2, 18, 7, 3, 2, '01:00:00'),
(11, 170.5, 40, 18, 9, 7, '02:15:00'),
(12, 145.8, 32, 14, 7, 5, '01:45:00'),
(13, 105.7, 20, 8, 4, 3, '01:30:00'),
(14, 115.6, 22, 9, 4, 3, '01:15:00'),
(15, 98.3, 16, 6, 3, 2, '01:00:00'),
(16, 120.0, 25, 10, 5, 3, '01:30:00'),
(17, 132.4, 28, 12, 6, 4, '01:45:00'),
(18, 85.6, 12, 5, 2, 1, '00:45:00'),
(19, 140.1, 30, 13, 7, 5, '02:00:00'),
(20, 111.2, 20, 9, 4, 3, '01:15:00'),
(21, 125.7, 28, 11, 6, 4, '01:30:00'),
(22, 95.0, 18, 7, 3, 2, '01:00:00'),
(23, 135.5, 32, 14, 7, 5, '01:45:00'),
(24, 150.9, 35, 15, 8, 6, '02:15:00'),
(25, 102.3, 22, 9, 4, 3, '01:15:00'),
(26, 110.5, 25, 10, 5, 3, '01:30:00'),
(27, 120.8, 28, 12, 6, 4, '01:45:00'),
(28, 85.2, 12, 5, 2, 1, '00:45:00'),
(29, 140.3, 30, 13, 7, 5, '02:00:00'),
(30, 115.4, 25, 11, 5, 3, '01:15:00'),
(31, 130.6, 32, 14, 7, 5, '01:30:00'),
(32, 100.9, 20, 8, 4, 2, '01:00:00'),
(33, 145.7, 35, 15, 8, 6, '02:15:00'),
(34, 120.1, 28, 12, 6, 4, '01:45:00'),
(35, 95.3, 18, 7, 3, 2, '01:00:00'),
(36, 150.2, 40, 18, 9, 7, '02:00:00'),
(37, 110.6, 25, 10, 5, 3, '01:15:00'),
(38, 135.0, 30, 13, 7, 5, '01:30:00'),
(39, 125.8, 28, 11, 6, 4, '01:15:00'),
(40, 140.4, 32, 14, 7, 5, '01:45:00');


INSERT INTO PositionReview (Description, Offer, ApplicationRating, EnvironmentRating, EducationRating, EnjoymentRating, Applied, AppliedDate, ResponseDate, PositionID) VALUES
('Great learning experience, supportive team, challenging work.', TRUE, 4, 5, 4, 5, TRUE, '2024-01-15 10:00:00', '2024-01-25 11:00:00', 1),
('Fast-paced work environment, requires strong time management skills.', FALSE, 3, 4, 3, 4, TRUE, '2024-02-10 09:30:00', '2024-02-20 10:45:00', 2),
('Collaborative team, good work-life balance, reasonable workload.', TRUE, 5, 5, 4, 5, TRUE, '2024-03-05 14:00:00', '2024-03-15 12:00:00', 3),
('Supportive managers, helpful mentorship opportunities, great culture.', TRUE, 5, 5, 5, 5, TRUE, '2024-04-01 08:30:00', '2024-04-10 13:15:00', 4),
('Challenging projects, good support from the team, growth opportunities.', TRUE, 4, 4, 4, 5, TRUE, '2024-04-20 14:00:00', '2024-04-30 15:30:00', 5),
('Very structured work, clear expectations, helpful mentorship.', FALSE, 3, 4, 3, 3, TRUE, '2024-05-01 09:00:00', '2024-05-10 10:00:00', 6),
('Great place to learn, balanced workload, good exposure to technologies.', TRUE, 4, 5, 4, 5, TRUE, '2024-05-20 11:00:00', '2024-05-30 14:00:00', 7),
('Work environment was fast-paced, team was very collaborative.', TRUE, 4, 5, 4, 4, TRUE, '2024-06-01 12:00:00', '2024-06-10 15:00:00', 8),
('Supportive work culture, flexible hours, mentorship was good.', TRUE, 5, 4, 5, 5, TRUE, '2024-06-20 10:30:00', '2024-06-30 11:45:00', 9),
('Clear objectives, mentorship was lacking, fast-paced.', FALSE, 3, 3, 3, 3, TRUE, '2024-07-01 13:00:00', '2024-07-10 12:00:00', 10),
('Collaborative work culture, growth opportunities present.', TRUE, 4, 5, 4, 5, TRUE, '2024-07-15 14:00:00', '2024-07-25 15:15:00', 11),
('Exposure to various projects, supportive team, good learning.', TRUE, 5, 5, 5, 5, TRUE, '2024-08-01 10:00:00', '2024-08-15 12:30:00', 12),
('Structured work, fast-paced, opportunities for growth.', FALSE, 3, 4, 4, 3, TRUE, '2024-08-20 13:00:00', '2024-08-30 14:30:00', 13),
('Balanced workload, exposure to latest tech, challenging tasks.', TRUE, 4, 5, 4, 5, TRUE, '2024-09-01 09:00:00', '2024-09-10 11:15:00', 14),
('Fast-paced environment, mentoring available, good culture.', TRUE, 5, 5, 4, 5, TRUE, '2024-09-15 08:00:00', '2024-09-25 10:00:00', 15),
('Structured tasks, helpful mentors, growth is possible.', FALSE, 3, 4, 4, 3, TRUE, '2024-10-01 11:00:00', '2024-10-15 14:15:00', 16),
('Great projects, exposure to tech, good team support.', TRUE, 5, 5, 5, 5, TRUE, '2024-10-20 09:15:00', '2024-11-01 11:30:00', 17),
('Fast-paced, expectations are clear, management is supportive.', TRUE, 4, 4, 4, 5, TRUE, '2024-11-01 14:30:00', '2024-11-10 16:00:00', 18),
('Supportive environment, challenging tasks, good mentorship.', TRUE, 5, 5, 4, 5, TRUE, '2024-11-20 12:00:00', '2024-12-01 15:45:00', 19),
('Hard work is recognized, structured learning, good peers.', TRUE, 4, 4, 5, 5, TRUE, '2024-12-05 11:30:00', '2024-12-15 13:00:00', 20),
('Collaborative environment, fast-paced, good tech stack exposure.', FALSE, 3, 4, 4, 4, TRUE, '2024-12-15 09:00:00', '2024-12-25 11:45:00', 21),
('Structured tasks, lack of mentorship, reasonable culture.', FALSE, 3, 3, 3, 3, TRUE, '2024-01-05 08:30:00', '2024-01-15 10:00:00', 22),
('Growth potential, challenging tasks, great mentors.', TRUE, 5, 5, 4, 5, TRUE, '2024-01-15 14:00:00', '2024-01-25 16:15:00', 23),
('Work-life balance is great, tasks are challenging, mentorship available.', TRUE, 5, 4, 5, 5, TRUE, '2024-02-05 11:00:00', '2024-02-15 13:30:00', 24),
('Opportunities for growth, collaborative culture.', TRUE, 4, 5, 5, 5, TRUE, '2024-02-20 10:30:00', '2024-02-28 12:00:00', 25),
('Challenging projects, lack of flexibility, good support.', FALSE, 3, 3, 4, 4, TRUE, '2024-03-01 09:00:00', '2024-03-10 11:15:00', 26),
('Good exposure to technology, challenging yet rewarding work.', TRUE, 4, 5, 4, 5, TRUE, '2024-03-15 10:00:00', '2024-03-25 13:00:00', 27),
('Structured work, helpful mentors, fast-paced.', TRUE, 4, 4, 4, 4, TRUE, '2024-04-01 11:00:00', '2024-04-10 15:15:00', 28),
('Good growth opportunities, challenging tasks, good culture.', TRUE, 5, 5, 5, 5, TRUE, '2024-04-20 12:00:00', '2024-04-30 14:30:00', 29),
('Supportive environment, balanced workload, great peers.', TRUE, 4, 5, 4, 5, TRUE, '2024-05-05 09:15:00', '2024-05-15 10:45:00', 30),
('Lack of structured mentorship, expectations are high.', FALSE, 3, 3, 3, 3, TRUE, '2024-05-20 08:30:00', '2024-05-30 09:45:00', 31),
('Challenging work, exposure to latest technology, supportive culture.', TRUE, 5, 5, 4, 5, TRUE, '2024-06-01 10:00:00', '2024-06-10 13:15:00', 32),
('Work culture was average, opportunities for growth were limited.', FALSE, 3, 3, 3, 3, TRUE, '2024-06-15 09:00:00', '2024-06-25 12:00:00', 33),
('Supportive peers, challenging tasks, mentorship opportunities.', TRUE, 4, 4, 4, 4, TRUE, '2024-07-01 08:45:00', '2024-07-15 10:30:00', 34),
('Very collaborative, exposure to new tech, balanced work.', TRUE, 5, 5, 5, 5, TRUE, '2024-07-20 09:00:00', '2024-07-30 11:15:00', 35),
('Structured work environment, lack of mentorship.', FALSE, 3, 3, 3, 3, TRUE, '2024-08-01 08:00:00', '2024-08-10 09:30:00', 36),
('Exposure to tech, challenging projects, growth opportunities.', TRUE, 5, 4, 5, 5, TRUE, '2024-08-20 11:00:00', '2024-08-30 12:45:00', 37),
('Great team support, collaborative work culture.', TRUE, 4, 5, 4, 5, TRUE, '2024-09-01 12:00:00', '2024-09-10 14:15:00', 38),
('Balanced workload, good exposure, learning opportunities.', TRUE, 5, 4, 5, 5, TRUE, '2024-09-15 10:30:00', '2024-09-25 13:30:00', 39),
('Challenging environment, growth potential, fast-paced.', TRUE, 4, 5, 4, 5, TRUE, '2024-10-01 09:00:00', '2024-10-15 12:00:00', 40);


INSERT INTO PositionReviewers (NUID, PosReviewID) VALUES
(100001, 1),
(100002, 2),
(100003, 3),
(100004, 4),
(100005, 5),
(100006, 6),
(100007, 7),
(100008, 8),
(100009, 9),
(100010, 10),
(100011, 11),
(100012, 12),
(100013, 13),
(100014, 14),
(100015, 15),
(100016, 16),
(100017, 17),
(100018, 18),
(100019, 19),
(100020, 20),
(100021, 21),
(100022, 22),
(100023, 23),
(100024, 24),
(100025, 25),
(100026, 26),
(100027, 27),
(100028, 28),
(100029, 29),
(100030, 30),
(100031, 31),
(100032, 32),
(100033, 33),
(100034, 34),
(100035, 35),
(100036, 36),
(100037, 37),
(100038, 38),
(100039, 39),
(100040, 40),
(100001, 2),
(100002, 3),
(100003, 4),
(100004, 5),
(100005, 6),
(100006, 7),
(100007, 8),
(100008, 9),
(100009, 10),
(100010, 11),
(100011, 12),
(100012, 13),
(100013, 14),
(100014, 15),
(100015, 16),
(100016, 17),
(100017, 18),
(100018, 19),
(100019, 20),
(100020, 21),
(100021, 22),
(100022, 23),
(100023, 24),
(100024, 25),
(100025, 26),
(100026, 27),
(100027, 28),
(100028, 29),
(100029, 30),
(100030, 31),
(100031, 32),
(100032, 33),
(100033, 34),
(100034, 35),
(100035, 36),
(100036, 37),
(100037, 38),
(100038, 39),
(100039, 40),
(100040, 1),
(100001, 3),
(100002, 4),
(100003, 5),
(100004, 6),
(100005, 7),
(100006, 8),
(100007, 9),
(100008, 10),
(100009, 11),
(100010, 12);